Feature,Importance
age,0.07881321349311335
sex,0.03549268064890646
cp,0.12915387871667744
trestbps,0.07010219777828468
chol,0.07800356110797367
fbs,0.009202780721399451
restecg,0.017079179449760704
thalach,0.12181962201178578
exang,0.048392181122685514
oldpeak,0.1048117302553572
slope,0.0412771582749235
ca,0.13206608613019272
thal,0.13378573028893956
